ISIN,Name
CNE0000000T2,China Vanke
KYG217651051,Ck Hutchison Holdings
HK0002007356,Clp Holdings Group
HK0003000038,Hong Kong And China Gas
HK0011000095,Hang Seng Bank
HK0016000132,Sun Hung Kai Properties
HK0027032686,Galaxy Entertainment Group
CNE100001QQ5,Midea Group
CNE0000001D4,Gree Electric Appliances
CNE0000008J6,Citic Pacific Special Steel
CNE0000011S1,Huadong Medicine
CNE1000004K1,Tsingtao Brewery
KYG3777B1032,Geely Automobile
CNE000001M22,Zhejiang Sanhua Intelligent Controls
CNE000001P78,Sinoma Science & Technology
CNE1000000B8,Tianjin Zhonghuan Semiconductor
CNE1000007T5,AVIC Jonhon Optronic Technology
CNE100000B81,iFLYTEK
CNE100000BJ4,Zhejiang Dahua Technology
CNE100000CS3,Beijing Oriental Yuhong Waterproof Technology
CNE100000HP8,Guangdong Haid Group
CNE100000PM8,Hangzhou Hikvision Digital
CNE100000SF6,Ganfeng Lithium
CNE100000TP3,Luxshare Precision Industry
HK0257001336,Everbright Environment
HK0270001396,Guangdong Investment
HK0285041858,BYD Electronic
KYG960071028,WH Group
HK0291001490,China Resources Beer
BMG0957L1090,Beijing Enterprises Water Group
CNE1000002Q2,China Petroleum & Chemical
HK0388045442,Hong Kong Exchanges L
CNE1000007Z2,China Railway Group
KR7005380001,Hyundai Motor
KR7005490008,Posco
KR7006400006,Samsung Sdi
HK0656038673,Fosun International
HK0669013440,Techtronic Industries
HK0688002218,China Overseas Land & Investment
KYG875721634,Tencent
CNE1000002V2,China Telecom H
HK0000049939,China Unicom
HK0823032773,Link Real Estate Investment Trust
HK0836012952,China Resources Power
BMG210901242,China Water Affairs
CNE1000003W8,PetroChina Company
HK0883013259,Cnooc
CNE1000002H1,China Construction Bank H
HK0941009539,China Mobile
KYG9829N1025,Xinyi Solar Holdings
LU0501835309,L'Occitane International
HK0992009065,Lenovo Group
KYG7956A1094,Seazen Group
BMG2178K1009,CK Infrastructure Holdings
CNE1000002R0,China Shenhua Energy
KYG2108Y1052,China Resources Land
KYG2177B1014,Ck Asset Holdings
CNE100000981,China Railway Construction H
BMG2113B1081,China Resources Gas
CNE1000002J7,COSCO Shipping
CNE100000296,BYD
KR7012330007,Hyundai Mobis
HK0000069689,AIA Group
KYG2113L1068,China Resources Cement
KYG7397A1067,Razer
CNE1000003G1,Ind. And Comm. Bank Of China
CNE100000FF3,Metallurgical Corporation of China
CNE100000BG0,CRRC Corporation H
CNE1000002F5,China Communications Construction H
KYG9830T1067,Xiaomi
CNE100001T80,CGN Power
IT0003874101,Prada
KYG040111059,ANTA Sports
KYG970081173,WuXi Biologics
CNE1000003X6,Ping An Insurance
CNE100000593,PICC Property and Casualty
CNE1000004L9,Weichai Power H
KYG8586D1097,Sunny Optical Technology
CNE1000002L3,China Life Insurance H
CNE100000502,Zijin Mining Group
HK0000311099,China Resources Pharmaceutical
KYG2119W1069,China Evergrande Group
KYG555551095,Logan Group
KYG9463P1081,Wasion Holdings
KR7035420009,Naver
KYG0404F1019,Aoyuan Healthy Life Group
KYG596691041,Meituan Dianping
CNE1000002M1,China Merchants Bank H
CNE1000001Z5,Bank Of China H
KYG126521064,Bosideng International
KR7051910008,Lg Chem
CNE100002QY7,ZhongAn Online P & C Insurance
KYG5074A1004,JD Health
KR7068270008,Celltrion
KR7105560007,Kb Financial Group
PL11BTS00015,11 bit studios
TW0001216000,Uni-President Enterprises
TW0001301000,Formosa Plastics
TW0001303006,Nan Ya Plastics
JP3443600006,Taisei Corporation
SE0010100958,Investment AB Latour
JP3505000004,Daiwa House Industry
JP3420600003,Sekisui House
JP3263000006,Kinden
DE0006062144,Covestro
DE0005545503,1&1
JP3676800000,Nisshin Seifun
TW0002317005,Hon Hai Precision (Foxconn)
TW0002330008,Taiwan Semiconductor
TW0002412004,Chunghwa Telecom
TW0002454006,Mediatek
JP3116000005,Asahi Group Holdings
JP3258000003,Kirin Holdings
JP3459600007,Takara Holdings
JP3336560002,Suntory Beverage & Food
JP3152740001,ABC-Mart
JP3244800003,Kewpie
JP3765400001,House Foods
JP3665200006,Nichirei
JP3613000003,Toyo Suisan Kaisha
TW0002882008,Cathay Financial Holding
TW0002891009,Ctbc Financial Holding
JP3726800000,Japan Tobacco
DE000A0HL8N9,2G Energy
CNE100000GS4,EVE Energy
CNE100000GR6,Aier Eye Hospital Group
CNE100000K15,Shenzhen Capchem Technology
CNE100001260,Sunwoda Electronic
CNE1000018M7,Sungrow Power Supply
CNE100003662,Contemporary Amperex Technology
TW0003008009,Largan Precision
JP3422950000,Seven & i Holdings
JP3670800006,Nissan Chemical
JP3371200001,Shin-Etsu Chemical
JP3160670000,Air Water
JP3711600001,Nippon Sanso
JP3215800008,Kaneka
JP3485800001,Daicel
JP3419400001,Sekisui Chemical
JP3100800006,Aica Kogyo
JP3205800000,Kao Corporation
JP3463000004,Takeda Pharmaceutical
JP3942400007,Astellas Pharma
JP3207000005,Kaken Pharmaceutical
JP3160400002,Eisai
JP3982400008,Rohto Pharmaceutical
JP3197600004,Ono Pharmaceutical
JP3336000009,Santen Pharmaceutical
JP3546800008,Terumo
JP3637300009,Trend Micro
JP3967200001,Rakuten
JP3188200004,Otsuka
JP3814000000,FUJIFILM
JP3351600006,Shiseido
JP3830800003,Bridgestone
JP3977400005,Rinnai
CNE0000015R4,Baoshan Iron & Steel
CNE000001F70,Sany Heavy Industry
CNE000001ND1,Poly Developments and Holdings Group
CNE0000014W7,Jiangsu Hengrui Medicine
CNE0000016J9,Wanhua Chemical Group
CNE000001GG8,China Fortune Land Development
CNE000001G38,NARI Technology
CNE000001BM7,Shandong Hualu-Hengsheng Chemical
CNE0000018R8,Kweichow Moutai
CNE0000019V8,Anhui Conch Cement
CNE0000017Y6,Yonyou Network Technology
CNE1000048K8,Haier Smart Home
CNE000000MH6,AVIC Shenyang Aircraft Company
CNE000000MZ8,Topchoice Medical 
CNE000000JW1,Aecc Aviation Power
CNE000001G87,China Yangtze Power
CNE100000V12,Ningbo Zhoushan Port
CNE100000KC0,China National Chemical Eng.
CNE1000008M8,China Pacific Insurance
CNE100000F46,China State Construction Engineering
CNE100000KD8,Zhejiang Chint Electrics
CNE100000G29,China Tourism Group Duty Free
CNE100001TW7,Dawning Information (Sugon)
CNE100001SL2,Foshan Haitian Flavouring and Food
JP3970300004,Recruit Holdings
JP3162600005,SMC Corporation
JP3304200003,Komatsu
JP3266400005,Kubota
JP3481800005,Daikin Industries
JP3270000007,Kurita Water Industries
JP3866800000,Panasonic
JP3435000009,Sony
JP3236200006,Keyence
JP3351100007,Sysmex
JP3979200007,Lasertec
JP3802400006,Fanuc
JP3771800004,Hamamatsu Photonics
JP3249600002,Kyocera
JP3633400001,Toyota
JP3854600008,Honda Motor
JP3397200001,Suzuki Motor
JP3358000002,Shimano
JP3657400002,Nikon
JP3837800006,HOYA
JP3973400009,Ricoh Company
JP3756600007,Nintendo
SE0007871363,Vitec Software Group AB B
JP3143600009,ITOCHU Corporation
JP3877600001,Marubeni
JP3893600001,Mitsui & Co.
JP3571400005,Tokyo Electron
JP3404600003,Sumitomo
JP3898400001,Mitsubishi
JP3424950008,Tokyo Century
JP3183200009,Japan Exchange Group
DE000TRAT0N7,Traton
JP3566800003,Central Japan Railway
JP3940000007,Yamato
JP3735400008,Nippon Telegraph & Telephone
JP3496400007,KDDI
JP3180400008,Osaka Gas
JP3600200004,Toho Gas
JP3218900003,Capcom
JP3421800008,SECOM
JP3300200007,Konami
JP3100100001,Arcland Sakamoto
JP3802300008,Fast Retailing
JP3436100006,SoftBank Group
JP3336600006,Sundrug
US00846U1016,Agilent Technologies
DE0005093108,Amadeus FiRe
US02376R1023,American Airlines
GB00B1XZS820,Anglo American
NL0000852564,Aalberts
US0003602069,AAON
US00751Y1064,Advance Auto Parts
US0378331005,Apple
US0240131047,American Assets Trust
DE0005760029,ABO Wind
CH0012221716,ABB
US00287Y1091,AbbVie
US03073E1055,AmerisourceBergen
GB0006731235,Associated British Foods
BE0974293251,Anheuser-Busch NV
US0009571003,ABM Industries
US0036541003,ABIOMED
US0090661010,Airbnb
US0389231087,Arbor Realty Trust
US0028241000,Abbott Laboratories
US0248351001,American Campus Communities
BE0003764785,Ackermans & van Haaren
IE00B4BNMY34,Accenture
CA0467894006,ATCO Ltd. X
SE0011166610,Atlas Copco AB
NL0000313286,Amsterdam Commodities
PLSOFTB00016,Asseco Poland
ES0167050915,Actividades de Construcción y Servicios
DE000A0DNAY5,Bet-At-Home
NL0011794037,Koninklijke Ahold Delhaize
US00724F1012,Adobe Systems
US0084921008,Agree Realty
US0326541051,Analog Devices
LU1250154413,Adler Group
US0394831020,Archer-Daniels-Midland
GB00B02J6398,Admiral Group
DE000A0Z23Q5,Adesso
US0530151036,Automatic Data Processing
DE000A1EWWW0,Adidas
US0185811082,Alliance Data Systems
US0527691069,Autodesk
US0067391062,Addus HomeCare
DE0005103006,ADVA Optical Networking
NL0012969182,Adyen
US0236081024,Ameren
DE000A2GS633,Allgeier
CA0084741085,Agnico Eagle Mines
ES0105046009,Aena S.M.E.
US0255371017,American Electric Power
US00130H1059,AES
NO0003078107,AF Gruppen
US0259321042,American Financial Group
US02607T1097,American Finance Trust
US0010551028,Aflac
RU0009062285,Aeroflot
DE0005313704,Carl Zeiss Meditec
DE000A2LQ884,AUTO1 Group
US0010841023,AGCO
NL0000303709,Aegon
US00123Q1040,AGNC Investment
US05351W1036,Avangrid
AT000AGRANA3,AGRANA Beteiligungs-AG
CH0012138605,Adecco Group
GB0000536739,Ashtead Group
US0268747849,American International Group
FR0000120073,Air Liquide
NL0000235190,Airbus
US03750L1098,Apartment Income REIT
US03820C1053,Applied Industrial Technologies
DE000A0WMPJ6,AIXTRON
US04621X1081,Assurant
US3635761097,Arthur J. Gallagher & Co.
US00971T1016,Akamai Technologies
US0042391096,Acadia Realty Trust
NL0013267909,Akzo Nobel
US00912X3026,Air Lease Corporation
US0126531013,Albemarle
CH0432492467,Alcon
FR0011648716,Carbios
US0144911049,Alexander & Baldwin
NL0012817175,Alfen
US0113111076,Alamo Group
US0162551016,Align Technology
US0116591092,Alaska Air Group
US0200021014,Allstate
IE00BFRT3W74,Allegion
FR0010220475,Alstom SA
US0116421050,Alarm.com
RU0007252813,ALROSA PJSC
US01973R1014,Allison Transmission
AU000000ALU8,Altium
DE0008404005,Allianz
US0528001094,Autoliv
US0147521092,Alexander's
SE0007100581,Assa Abloy AB B
FR0014004L86,Dassault Aviation
US0382221051,Applied Materials
DK0060946788,Ambu
US00165C1045,AMC Entertainment
JE00BJ1F3079,Amcor
US0079031078,Advanced Micro Devices
US0311001004,Ametek
US0234361089,Amedisys
US0082521081,Affiliated Managers Group
US0311621009,Amgen
US02665T3068,American Homes 4 Rent A
US0316521006,Amkor Technology
US03076C1062,Ameriprise Financial
ES0109067019,Amadeus IT
AT0000A18XM4,ams
US03027X1000,American Tower
FR0004125920,Amundi
US0231351067,Amazon
US02772A1097,American National Group
AT0000730007,Andritz
US0404131064,Arista Networks
US03662Q1058,ANSYS
US0367521038,Anthem
GB00BJTNFH41,AO World
DE0005104400,Atoss Software
IE00BLP1HW54,Aon
US8318652091,A.O. Smith
DE000A0LD2U1,alstria office REIT
US03743Q1085,Apache
US0091581068,Air Products and Chemicals
US0320951017,Amphenol
US03784Y2000,Apple Hospitality
US03769M1062,Apollo Global Management
US25400W1027,Digital Turbine
AU000000APT1,Afterpay
JE00B783TY65,Aptiv
AU000000APX3,Appen
CA0158571053,Algonquin Power & Utilities
DE000A0JK2A8,Aurelius
US04010L1035,Ares Capital (BDC)
KYG045531061,Arco Platform
US0152711091,Alexandria Real Estate Equities
DE0005408116,Aareal Bank
US0423155078,ARMOUR Residential
GB0030927254,ASOS
NL0010273215,Asml Holding
US00402L1070,Academy Sports and Outdoors
LU1673108939,Aroundtown
CA01626P3043,Alimentation Couche-Tard
IT0003506190,Atlantia SpA
US0495601058,Atmos Energy
US0383361039,AptarGroup
US0499041053,Atrion
AT0000969985,AT&S
US00507V1098,Activision Blizzard
IL0010829658,AudioCodes
US05379B1070,Avista
US0534841012,AvalonBay Communities
US11135F1012,Broadcom
US05368V1061,Avient
US0538071038,Avnet
US0536111091,Avery Dennison
US0304201033,American Water Works
US0298991011,American States Water
US05464C1018,Axon Enterprise
US0258161092,American Express
BMG0692U1099,Axis Capital Holdings
GB00BLP5YB54,Atlantica Sustainable Infrastructure
US02156B1035,Alteryx
AU000000AZJ1,Aurizon Holdings
GB0009895292,AstraZeneca
US0533321024,AutoZone
MU0527S00004,Azure Power Global
SE0014781795,Addtech AB B
US0678061096,Barnes Group
DE000BFB0019,METRO
DE0005168108,BAUER
DE000A0JM2M1,Blue Cap
US0970231058,Boeing
GB0002634946,BAE Systems
GB0009697037,Babcock International
US01609W1027,Alibaba ADR
US0605051046,Bank of America
CH0102484968,Julius Bär Gruppe 
US0995021062,Booz Allen Hamilton Holding
FO0000000179,Bakkafrost P/F
CH0012410517,Baloise Holding
CA1125851040,Brookfield Asset Management
CH0012530207,Bachem Holding
US05945F1030,BancFirst OK
DE000BASF111,BASF
GB0002875804,British American Tobacco
US0718131099,Baxter International
DE000BAY0017,Bayer
FR0000120966,BIC
US0758961009,Bed Bath & Beyond
CA0977512007,Bombardier
ES0113211835,Banco Bilbao Vizcaya Argenta
US0708301041,Bath & Body Works
US0865161014,Best Buy
DE0005158703,Bechtle
CA05534B7604,BCE
US0576652004,Balchem
US1053682035,Brandywine Realty Trust
DE0005232805,Bertrandt
US0758871091,Becton Dickinson
US0937121079,Bloom Energy
DE0005200000,Beiersdorf
GRS282183003,Jumbo
US3546131018,Franklin Resources
FR0000035164,Beneteau
BMG162581083,Brookfield Reneweable Partners LP
US08579W1036,Berry Global
US1156372096,Brown Forman
US8043951016,Saul Centers
LU1704650164,Befesa
AT0000BAWAG2,BAWAG
BMG169621056,Bunge
US05508R1068,B&G Foods
GB00BH0P3Z91,BHP Group
SE0013647385,BICO Group
US0567521085,Baidu ADR
US09062X1037,Biogen
US0900401060,Bilibili ADR
SE0000862997,BillerudKorsnäs
DE0005227235,Biotest VZ
CH0038389992,BB Biotech
SE0000454746,Biotage AB
BMG162521014,Brookfield Infr. Partners LP
US05550J1016,BJ's Wholesale Club
US0640581007,Bank of New York Mellon
US0921131092,Black Hills
US09857L1089,Booking Holdings
US05722G1004,Baker Hughes
CH0130293662,BKW AG
AU000000BKW4,Brickworks
US89055F1030,TopBuild
CA0585861085,Ballard Power Systems Inc.
US12008R1077,Builders FirstSource
US09247X1019,BlackRock
US0584981064,Ball Corporation
CA09950M3003,Boralex
LU1072616219,B&M European Value Retail
US0565251081,Badger Meter
CA0636711016,Bank of Montreal
US09061G1013,Biomarin Pharmaceutical
DE0005190003,BMW
US1101221083,Bristol-Myers Squibb
FR0000120644,Danone
US11135E2037,Broadstone Net Lease
FR0000131104,BNP Paribas
DE000A1DAHH0,Brenntag
CA0641491075,Bank Of Nova Scotia
US09075V1026,BioNTech ADR
GB00B0744B38,Bunzl
CH0012684657,Bobst Group
SE0015811559,Boliden AB
FR0000063935,Bonduelle
JE00BG6L7297,Boohoo Group
DE000A1PHFF7,Hugo Boss
GB0007980591,BP
BE0974268972,bpost
US11133T1034,Broadridge Financial Solutions
GB0031743007,Burberry
US1046741062,Brady Corporation
IT0005252728,Brembo
NO0010657505,Borregaard ASA
AU000000BRG2,Breville Group
US0846701086,Berkshire Hathaway A
US0846707026,Berkshire Hathaway B
US1167941087,Bruker
US1152361010,Brown & Brown
US11120U1051,Brixmor Property Group
ES0113900J37,Banco Santander
DE0005102008,Basler
US1011371077,Boston Scientific
US1220171060,Burlington Stores
DE0005493092,Borussia Dortmund
GB00B0N8QD54,Britvic
US0997241064,BorgWarner
US09260D1072,Blackstone
US1011211018,Boston Properties
US08862E1091,Beyond Meat
DE0005194062,Baywa
US06684L1035,Baozun ADR
US1729674242,Citigroup
FR0000120172,Carrefour
US2253101016,Credit Acceptance Corporation
US1271903049,CACI International
US2058871029,ConAgra Foods
US14149Y1082,Cardinal Health
AT0000641352,CA Immobilien Anlagen
US1280302027,Cal-Maine Foods
US13100M5094,Calix
US1375861036,Cango ADR
FR0000125338,Capgemini
US14448C1045,Carrier Global
US1475281036,Casey's General Stores
US1491231015,Caterpillar
CH0044328745,Chubb Limited
AU000000CBA7,Commonwealth Bank of Australia
DK0010181759,Carlsberg
DK0060448595,Coloplast-B
DE000CBK1001,Commerzbank
US12503M1080,Cboe Global Markets
US12504L1098,CBRE Group
US22410J1060,Cracker Barrel Old Cty. St.
US2005251036,Commerce Bancshares
US2036071064,Community Bank System
LU1296758029,CORESTATE Capital
PLCCC0000016,CCC
US22822V1017,Crown Castle
PA1436583006,Carnival
CA13321L1085,Cameco
US19239V3024,Cogent Communications Holdings
US1565043007,Century Communities
US1273871087,Cadence Design Systems
PLOPTTC00011,CD Projekt
US12514G1085,CDW
US1508701034,Celanese
DE000A0LAUP1,CropEnergies
DE0007257503,Ceconomy
US15118V2079,Celsius Holdings
US1567821046,Cerner
JE00B5TT1872,Centamin
US1252691001,CF Industries Holdings
US1746101054,Citizens Financial Group
CH0210483332,Compagnie Financiere Richemont
US2298991090,Cullen/Frost Bankers
US20369C1062,Community Healthcare
US1713401024,Church & Dwight
US1714841087,Churchill Downs
US16359R1032,Chemed
US1630921096,Chegg
IL0010824113,Check Point Software Tech
RU0009046510,Severstal PAO
DK0060227585,Chr. Hansen Holding
US12541W2098,C. H. Robinson Worldwide
US16119P1084,Charter Communication-A
US16679L1098,Chewy
US1255231003,Cigna Corporation
US1717793095,Ciena
US1720621010,Cincinnati Financial
US1941621039,Colgate-Palmolive
US5544891048,Veris Residential
DE000A0HHJR3,Cliq Digital
US1890541097,Clorox
US2003401070,Comerica
US20030N1019,Comcast
US12572Q1058,CME Group
US1696561059,Chipotle Mexican Grill
US2310211063,Cummins
US1258961002,CMS Energy
GB00B033F229,Centrica
US15135B1017,Centene
US15189T1079,CenterPoint Energy
CA1363851017,Canadian Natural Resources
CA1363751027,Canadian National Railway
US14040H1059,Capital One Financial
AU000000COH5,Cochlear
US19260Q1076,Coinbase Global
DE0005419105,Cancom
US03064D1081,Americold Realty Trust
BE0974256852,Colruyt
US20464U1007,Compass
DE0005439004,Continental
US23283R1005,CyrusOne
US2166484020,The Cooper Companies
US20825C1045,ConocoPhillips
DE000A288904,CompuGroup Medical
PTCOR0AE0006,Corticeira Amorim
US21870Q1058,CoreSite Realty
US22160K1051,Costco Wholesale
US2220702037,Coty
CA13645T1003,Canadian Pacific Railway
US1344291091,Campbell Soup
GB00BD6K4575,Compass Group
US1653031088,Chesapeake Utilities
US22266T1097,Coupang
VGG1890L1076,Capri Holdings
US2172041061,Copart
US1331311027,Camden Property Trust
US1462291097,Carter's
US79466L3024,Salesforce
US2270461096,Crocs
US22041X1028,Corsair Gaming
US22788C1053,CrowdStrike
FR0000120628,AXA
US17275R1023,Cisco Systems
CH0012138530,Credit Suisse
US22160N1090,CoStar Group
US1263491094,CSG Systems International
CA1366351098,Canadian Solar
US1423391002,Carlisle Companies
AU000000CSL8,CSL Limited
CA21037X1006,Constellation Software
US1264081035,CSX
US1729081059,Cintas Corporation
US2041491083,Community Trust Bancorp
CA1366812024,Canadian Tire
US1488061029,Catalent
US1270971039,Coterra Energy
US14174T1079,CareTrust REIT
US1924461023,Cognizant Tech Solutions-A
US22052L1044,Corteva
US1773761002,Citrix Systems
CA1367171057,Canadian Utilities
US2296631094,CubeSmart
AU000000CUV3,Clinuvel Pharmaceuticals
US2227955026,Cousins Properties
US1468691027,Carvana
US1266501006,CVS Health
US1667641005,Chevron
US2315611010,Curtiss-Wright
DE0005403901,Cewe Stiftung & Co KGaA
GB0002318888,Cranswick
US1307881029,California Water Service
IL0011334468,Cyberark Software
US25746U1097,Dominion Energy
SG1L01001701,DBS Group
DE000A0JC8S7,Datagroup
DE0007100000,Daimler
US2473617023,Delta Air Lines
DE0005810055,Deutsche Boerse
DE0005140008,Deutsche Bank
US25401T1088,DigitalBridge
US26210C1045,Dropbox
US2576511099,Donaldson
US26614N1028,DuPont de Nemours
US88554D2053,3D Systems
US23804L1035,Datadog
US2441991054,Deere & Company
US27616P1030,Easterly Government Properties
US2435371073,Deckers Outdoor
DE000A13SUL5,DEFAMA Deutsche Fachmarkt
US25960P1093,Douglas Emmett
US24703L2025,Dell Technologies
DE0007480204,Deutsche EuroShop
DE0006305006,DEUTZ
US2547091080,Discover Financial Services
DE000A2NBVD5,DFV Deutsche Familienversicherung
FR0000125486,Vinci
US2566771059,Dollar General
GB0002374006,Diageo
US74834L1008,Quest Diagnostics
DE000A2E4K43,Delivery Hero
US23331A1097,D.R. Horton
US2358511028,Danaher
DE000A1X3XX4,DIC Asset
BE0974259880,D'Ieteren
US2546871060,Walt Disney
US25470F1049,Discovery A
US25470F3029,Discovery C
US25470M1099,Dish Network A
DE000A14KRD3,Deutsche Konsum REIT
US25659T1079,Dolby Laboratories
US2538681030,Digital Realty Trust
US2567461080,Dollar Tree
DE000A2GS5D8,Dermapharm
PLDINPL00011,Dino Polska
AT0000818802,DO & CO
US71943U1043,Physicians Realty Trust
US2561631068,Docusign
CA05577W2004,BRP
US2600031080,Dover Corporation
US2605571031,Dow
GB0022569080,Amdocs Limited
DK0010244508,A.P. Møller - Mærsk
DE0005552004,Deutsche Post
US25754A2015,Domino's Pizza
US2644115055,Duke Realty
US2527843013,DiamondRock Hospitality
US2371941053,Darden Restaurants
US26210V1026,Driven Brands
DE0005550636,Drägerwerk
NL0000009827,Koninklijke DSM
DK0060079531,DSV Panalpina
FR0014003TT8,Dassault Systèmes
US2681501092,Dynatrace
DE0005557508,Deutsche Telekom
US2333311072,DTE Energy
DE0005565204,Duerr
CH0023405456,Dufry
US26441C2044,Duke Energy Corporation
US23918K1088,DaVita
US25179M1036,Devon Energy
DE000A0HN5C6,Deutsche Wohnen
DE000DWS1007,DWS Group
US23355L1061,DXC Technology
US2521311074,DexCom
US2855121099,Electronic Arts
US2786421030,Ebay
AT0000652011,Erste Group Bank
US2788651006,Ecolab
US1591791009,ChannelAdvisor
DE0006095003,Encavis
US2091151041,Consolidated Edison
PTEDP0AM0009,EDP - Energias de Portugal
ES0127797019,EDP Renovaveis
US6475811070,New Oriental Education ADR
US2944291051,Equifax
US2772761019,EastGroup Properties
US28238P1093,eHealth
DE0005654933,Einhell Germany
US2810201077,Edison Int'l
DE0005313506,Energiekontor
FR0000121667,EssilorLuxottica
US5184391044,Estee Lauder Companies
DE0005677108,Elmos Semiconductor
BE0003822393,Elia System Operator
FI0009007884,Elisa Oyj
US29472R1086,Equity LifeStyle Properties
SE0016589188,Electrolux
US1311931042,Callaway Golf
CA2908761018,Emera
SE0016828511,Embracer Group AB
CH0012829898,Emmi AG
US2774321002,Eastman Chemical
CA2918434077,Empire Company
US2910111044,Emerson Electric
CH0016440353,EMS Chemie
CA29250N1050,Enbridge
IE00BJ3V9050,Endo International
ES0130960018,Enagas
CA2929491041,Enghouse Systems
FR0010208488,Engie
IT0003132476,Eni Spa
IT0003128367,Enel Spa
US29355A1079,Enphase Energy
DE000ENER6Y0,Siemens Energy
US29358P1012,Ensign Group
US29362U1043,Entegris
NL0006294274,Euronext
DE000ENAG999,E.On
US26875P1012,EOG Resources
US29414B1044,EPAM Systems
US2937921078,Enterprise Products Partners LP
US26884U1097,EPR Properties
US2946281027,Equity Commonwealth
US29444U7000,Equinix
NO0010096985,Equinor ASA
US29476L1070,Equity Residential
DE0005494165,EQS Group
FR0014000MR3,Eurofins Scientific
US29530P1021,Erie Indemnity Company
US30040W1080,Eversource Energy
US2921041065,Empire State Realty Trust
US2971781057,Essex Property Trust
SE0009922164,Essity AB
IE00B8KQN827,Eaton Corporation
US29364G1031,Entergy
US29786A1060,Etsy
DE0005659700,Eckert & Ziegler
DE0005470306,Cts Eventim
DE000EVNK013,Evonik Industries
AT0000741053,EVN
SE0012673267,Evolution Gaming AB
US29977A1051,Evercore Partners
US30034W1062,Evergy
DE0005664809,Evotec
US28176E1082,Edwards Lifesciences
US30161N1019,Exelon
US3020811044,ExlService Holdings
US3021301094,Expeditors Int. of Washington
US30212P3038,Expedia
GB00B19NLV48,Experian
US30214U1025,Exponent
US30225T1025,Extra Space Storage
US30226D1063,Extreme Networks
US3453708600,Ford Motor Company
SG1T56930848,Wilmar International
AT0000785407,Fabasoft
AT00000FACC2,FACC
ES0134950F36,Faes Farma
US25278X1090,Diamondback Energy
US3119001044,Fastenal
US30303M1027,Meta (Facebook)
US34964C1062,Fortune Brands Home & Security
US35086T1097,Four Corners Property Trust
US35671D8570,Freeport-McMoRan
KYG367381053,Fresh Del Monte
GB0031477770,First Derivatives
US3030751057,FactSet Research Systems
US31428X1063,FedEx
US3379321074,FirstEnergy
US3535141028,Franklin Electric
CA3039011026,Fairfax Financial
US3156161024,F5 Networks
FR0000130452,Eiffage
CH0319416936,Flughafen Zuerich
CH0001752309,Georg Fischer
DE0005772206,Fielmann
US31620M1062,Fidelity Nat. Inf. Services
US3377381088,Fiserv
US3167731005,Fifth Third Bancorp
US98387E2054,X5 Retail Group GDR
US33829M1018,Five Below
US3383071012,Five9
US6350171061,National Beverage
US3448491049,Foot Locker
US3596641098,Fulgent Genetics
US3434981011,Flowers Foods
NL0011279492,Flow Traders
US34354P1057,Flowserve
US3390411052,FleetCor Technologies
IE00BWT6H894,Flutter Entertainment
US30779N1054,Farmers & Merchants Bancorp
US3024913036,FMC Corporation
DE0005785802,Fresenius Medical Care
AU000000FMG4,Fortescue Metals Group
US3397501012,Floor & Decor Holdings
US31620R3030,Fidelity National Financial
DE000A0Z2ZZ5,Freenet
CA3518581051,Franco-Nevada
FI0009007132,Fortum Oyj
US82452J1097,Shift4 Payments
US35137L2043,Twenty-First Century Fox - B
US35137L1052,Twenty-First Century Fox
US35138V1026,Fox Factory
DE000A3E5D64,Fuchs Petrolub
US32054K1034,First Industrial Realty Trust
DE0005773303,Fraport
US33616C1009,First Republic Bank
DE0005785604,Fresenius SE & Co KGaA
US3580391056,Freshpet
US3137451015,Federal Realty Investment Trust
US3364331070,First Solar
US31188V1008,Fastly
KY30744W1070,Farfetch
GB00BDSFG982,TechnipFMC
DE000FTG1111,flatexDEGIRO AG
US34959E1091,Fortinet
CA3495531079,Fortis
US34959J1088,Fortive
US3596941068,H. B. Fuller
US36118L1061,Futu Holdings ADR
IL0011582033,Fiverr International
US3498531017,Forward Air
IT0000062072,Assicurazioni Generali
BMG3922B1072,Genpact
DE0006602006,Gea Group
DE000A12DM80,Scout24
CH0364749348,Vifor Pharma
US3614481030,GATX
GB0003718474,Games Workshop
RU0007661625,Gazprom
DE0005909006,Bilfinger
BE0003797140,Groupe Bruxelles Lambert
CH0030170408,Geberit
US3695501086,General Dynamics
US3696043013,General Electric
US3976241071,Greif
US36162J1060,The GEO Group
US3984331021,Griffon
DE0005800601,GFT Technologies
US3841091040,Graco
DE0005878003,DMG MORI
US3755581036,Gilead Sciences
CH0010645932,Givaudan
US3703341046,General Mills
NO0010582521,Gjensidige Forsikring
DE0007571424,GK Software
US37959E1029,Globe Life
FR0000130809,Societe Generale
JE00B4T3BW64,Glencore
DE000A161N30,Grenke
US36467J1088,Gaming and Leisure Properties
US2193501051,Corning
US37045V1008,General Motors
US36467W1099,GameStop
RU0007288411,Nornickel
US37954A2042,Global Medical REIT
DK0010272632,GN Store Nord
US3793782018,Global Net Lease
US3687361044,Generac Holdings
US3719011096,Gentex
GB0003753778,Go-Ahead Group
CA0679011084,Barrick Gold
US3765361080,Gladstone Commercial
US02079K1079,Alphabet
US02079K3059,Alphabet A
US3724601055,Genuine Parts
US3886891015,Graphic Packaging Holding
US37940X1028,Global Payments
US3647601083,Gap
PLGPW0000017,Warsaw Stock Exchange
ES0171996087,Grifols
CH0114405324,Garmin
US38141G1040,Goldman Sachs
GB0009252882,GlaxoSmithKline
CA3803551074,GoEasy
SE0000202624,Getinge AB
US3893751061,Gray Television
FR0011726835,Gaztransport & Technigaz
US3742971092,Getty Realty
US3848021040,W.W. Grainger
DE000A0LD6E6,Gerresheimer
LU0775917882,Grand City Properties
DE000A14KEB5,home24
DE000A3H2333,Hamborner REIT AG
DE000HAG0005,HENSOLDT
US4062161017,Halliburton
US4180561072,Hasbro
DE0006042708,Hawesko Holding
US4461501045,Huntington Bancshares
DE0006083405,Hornbach Holding
US4103451021,Hanesbrands
US40412C1018,HCA Healthcare
US4219061086,Healthcare Services Group
US4370761029,Home Depot
US40415F1012,HDFC Bank ADR
DE0007314007,Heidelberger Druckmaschinen
KYG4402L1510,Hengan International
DE0006047004,HeidelbergCement
US4228061093,HEICO
NL0000009165,Heineken
DE0006048408,Henkel Stamm
DE0006048432,Henkel Vorzug
US42809H1077,Hess Corporation
US4361061082,HollyFrontier
DE000A161408,HelloFresh
US43283X1054,Hilton Grand Vacations
US44267D1072,Howard Hughes Corporation
DE000A0S8488,Hamburger Hafen und Logistik
US4315711089,Hillenbrand
US4285671016,Hibbett
US4165151048,Hartford Financial
US4464131063,Huntington Ingalls Industries
GB00B0LCW083,Hikma Pharmaceuticals
US4330001060,Hims & Hers Health
US43289P1066,Himax Technologie ADR
US4312841087,Highwoods Properties
SE0011090018,Holmen B
DE000HLAG475,Hapag-Lloyd
DE000A13SX22,Hella KGaA Hueck & Co
US4415931009,Houlihan Lokey
GB0004052071,Halma
US43300A2033,Hilton Worldwide Holdings
SE0000106270,Hennes & Mauritz
US4042511000,HNI
DE0005157101,Dr. Hönle
DE0008402215,Hannover Rueck
US4128221086,Harley-Davidson
CH0012214059,Holcim Ltd
US4364401012,Hologic
US4385161066,Honeywell International
US43940T1097,Hope Bancorp
DE0006070006,Hochtief
US4234521015,Helmerich & Payne
US42824C1099,Hewlett Packard
US4440971095,Hudson Pacific Properties
US40434L1052,HP
US4219461047,Healthcare Realty
US0936711052,H&R Block
US4404521001,Hormel Foods
DE000A11QW68,7C Solarparken
US4042804066,HSBC Holdings ADR
US8064071025,Henry Schein
US44107P1049,Host Hotels & Resorts
US42222N1037,HealthStream
US4278661081,The Hershey Company
US42225P5017,Healthcare Trust of America
GB00BJVQC708,Helios Towers
US4435106079,Hubbell
US4435731009,HubSpot
FI0009000459,Huhtamäki Oyj
US4448591028,Humana
US44852D1081,Huya ADR
US4432011082,Howmet Aerospace
SE0015961909,Hexagon AB
RU000A0JPKH7,RusHydro
DE0005493365,Hypoport
SE0001515552,Indutrade AB
US44891N2080,IAC/InterActiveCorp
ES0177542018,International Consolidated Airlines Group
ES0144580Y14,Iberdrola
US45841N1072,Interactive Brokers Group
US4592001014,IBM
US45780R1014,Installed Building Products
US45866F1049,Intercontinental Exchange
US44925C1036,ICF International
US4511071064,IDACORP
US45168D1046,IDEXX Laboratories
US45167R1041,IDEX
US4595061015,International Flavors
DE0006231004,Infineon Technologies
GB00B06QFB75,IG Group Holdings
AT0000A21KS2,Immofinanz
US45781V1017,Innovative Industrial Properties
DE000A1MMCC8,Medios
US4523271090,Illumina
US4562371066,Industrial Logistics Properties Trust
GB0004544929,Imperial Brands
US4570301048,Ingles Markets
US45337C1027,Incyte
BMG475671050,IHS Markit
US4567881085,Infosys ADR
NL0011821202,Ing Groep
US4571871023,Ingredion
DE0006200108,Indus Holding
IL0011595993,InMode
US8660821005,Summit Hotel Properties
DE000A2NBX80,Instone Real Estate Group
US4581401001,Intel
US4612021034,Intuit
US46187W1071,Invitation Homes
US4601461035,International Paper
US4606901001,Interpublic Group
US44980X1090,IPG Photonics
US46267X1081,iQIYI ADR
US46266C1053,IQVIA Holdings
US45687V1061,Ingersoll-Rand
RU000A0JPNM1,Inter RAO UES
US4627261005,iRobot Corporation
US46284V1017,Iron Mountain
US45378A1060,Independence Realty Trust
IT0000072618,Intesa Sanpaolo
US46120E6023,Intuitive Surgical
US3666511072,Gartner
GB0031638363,Intertek Group
US4523081093,Illinois Tool Works
SE0015811963,Investor AB
DE0007448508,IVU Traffic Technologies
BMG491BT1088,Invesco
ES0148396007,Inditex
DE0005759807,init innovation in traffic systems
US4698141078,Jacobs Engineering Group
BMG507361001,Jardine Matheson
US4663671091,Jack in the Box
DE000A2G9LL1,Deutsche Industrie REIT
US46590V1008,JBG Smith Properties
US4456581077,J.B. Hunt Transport
US4663131039,Jabil Circuit
IE00BY7QL619,Johnson Controls
US47215P1066,Jd.Com ADR
NL0014332678,JDE Peet's
DE000A2NB601,Jenoptik
AU000000JHX1,James Hardie Industries
US4660321096,J&J Snack Foods
US4262811015,Jack Henry & Associates
US47759T1007,JinkoSolar ADR
US48020Q1076,Jones Lang LaSalle
US48138M1053,Jumia ADR
US4781601046,Johnson & Johnson
US48203R1041,Juniper Networks
US4791671088,Johnson Outdoors
US46625H1005,JPMorgan Chase & Co
DE000JST4000,JOST Werke
DE0006219934,Jungheinrich Vzg
US9682232064,John Wiley & Sons (A)
US6556641008,Nordstrom
US47973J1025,The Joint Chiropractic
US4878361082,Kellogg Company
US48282T1043,Kadant
US4830077040,Kaiser Aluminum
US48666K1097,KB Home
DE000KBX1006,Knorr-Bremse
FI0009013403,Kone Oyj B
DE000KC01000,Klöckner & Co
US49271V1008,Keurig Dr Pepper
FR0000121485,Kering
FI0009000202,Kesko Oyj B
US4932671088,KeyCorp
US49338L1035,Keysight Technologies
US5006432000,Korn Ferry
IE0004927939,Kingspan Group
DE000KGX8881,Kion Group
US5007541064,Kraft Heinz
US49446R1095,Kimco Realty
BE0974274061,Kinepolis Group
US48251W1045,KKR & Co
CA49741E1007,Kirkland Lake Gold
US4824801009,Kla-Tencor
US4943681035,Kimberly-Clark
US49456B1017,Kinder Morgan
US1431301027,Carmax
CH0025238863,Kuehne + Nagel International
US4990491049,Knight-Swift Transportation Holdings
US1912161007,Coca-Cola
US5010441013,Kroger
US49427F1084,Kilroy Realty
US49803T3005,Kite Realty Group Trust
DE0006335003,Krones
DE0006292030,KSB Vorzug
DE000A1A6V48,KPS
US5002551043,Kohl's
DE0006204407,Kuka
US7473161070,Quaker Chemical
DE0007074007,KWS SAAT
IE0004906560,Kerry Group
US5404241086,Loews
US5367971034,Lithia Motors
US5128161099,Lamar Advertising Company Class A
US5138471033,Lancaster Colony
US3765491010,Gladstone Land
CA5179071017,Lassonde Industries
BMG540501027,Lazard
GB00B8W67B19,Liberty Global Plc-Series C
US5494981039,Lucid Group
US5253271028,Leidos Holdings
US5339001068,Lincoln Electric Holdings
DE000LEG1110,Leg Immobilien
US5246601075,Leggett & Platt
DE0006464506,Leifheit
AT0000644505,Lenzing
US5260571048,Lennar
DE0005408884,Leoni
US52736R1023,Levi Strauss & Co
US5370081045,Littelfuse
US50187T1060,LGI Homes
US50540R4092,Laboratory Corp. of America
DE0008232125,Deutsche Lufthansa
US5024311095,L3Harris Technologies
US5261071071,Lennox International
IE00BZ12WP82,Linde
CH0010570767,Lindt & Spruengli Part.
RU0009024277,Oil company LUKOIL
US5018892084,LKQ Corporation
GB0008706128,Lloyds Banking Group
US5324571083,Eli Lilly and Company
US5255582018,LeMaitre Vascular
US52567D1072,Lemonade
US5398301094,Lockheed Martin
US5341871094,Lincoln National
US5355551061,Lindsay
US0188021085,Alliant Energy
CH0025751329,Logitech
CH0013841017,Lonza Group
BE0003604155,Lotus Bakeries
US5486611073,Lowe's Companies
DE0006450000,LPKF Laser & Electronics
US5381461012,LivePerson
US5463471053,Louisiana-Pacific Corporation
FR0010307819,Legrand
US5128071082,Lam Research
GB00B0SWJX34,London Stock Exchange
NO0003096208,Leroy Seafood ASA
US53223X1072,Life Storage
CH0010570759,Lindt & Spruengli
US5150981018,Landstar System
US5021751020,LTC Properties
US53814L1089,Livent
USY5217N1183,Larsen & Toubro GDR
US5500211090,Lululemon Athletica
US5502411037,Lumen Technologies
US8447411088,Southwest Airlines
US5178341070,Las Vegas Sands
US5132721045,Lamb Weston Holdings
US5290431015,Lexington Realty Trust
DE0005470405,Lanxess
NL0009434992,LyondellBasell Industries
US5053361078,La-Z-Boy
US55616P1049,Macy's
DE000A0JCY11,Mynaric
DE000A0STSQ8,M1 Kliniken
DE000A0JQ5U3,Manz
DE000A0MSN11,Nynomic
MT0000580101,Media and Games Invest
US57636Q1040,Mastercard
US59522J1034,Mid-America Apartments
US5543821012,Macerich
RU0009084396,Magnitogorsk Iron & Steel Works
US56035L1044,Main Street Capital (BDC)
US56418H1005,ManpowerGroup
US5719032022,Marriott International Cl A
IT0003428445,MARR
US5745991068,Masco
US5770811025,Mattel
US57686G1058,Matson
DE000A0ETBQ4,MBB SE
PLMOBRK00013,Mo-BRUK
US56117J1007,Malibu Boats
FR0000121014,Lvmh Moet Hennessy L.V.
US60786M1053,Moelis & Company
US5801351017,McDonald's
US5790631080,McAfee
US5950171042,Microchip Technology
US58155Q1031,McKesson
US6153691059,Moody's
US5894001008,Mercury General
US60937P1066,MongoDB
US6092071058,Mondelez
IE00BTN1Y115,Medtronic
US5526901096,MDU Resources
US58470H1014,Medifast
US58506Q1094,Medpace Holding
NZMELE0002S7,Meridian Energy
US58733R1023,MercadoLibre
US59156R1086,MetLife
CA56501R1064,Manulife Financial Corporation
CA5592224011,Magna International
US55277P1049,MGE Energy
US5529531015,MGM Resorts International
RU000A0JKQU8,Magnit
US55303A1051,MGM Growth Properties
US5805891091,McGrath Rentcorp
US57633B1008,Mastech Digital
US6081901042,Mohawk Industries
US55305B1017,M/I Homes
US5962781010,The Middleby Corporation
GB00BYT5JK65,Mimecast
SE0009216278,MIPS
US6067102003,Mitek Systems
US5797802064,McCormick & Company
US5705351048,Markel Corporation
US55306N1046,MKS Instruments
US57060D1081,MarketAxess
FR0000121261,Michelin
US5732841060,Martin Marietta Materials
DE0006569908,MLP
US5717481023,Marsh & McLennan
US88579Y1010,3M
US5590801065,Magellan Midstream Partners LP
US5779331041,Maximus
US6097201072,Monmouth REIT
US61174X1090,Monster Beverage
US02209S1033,Altria
RU000A0JR4A1,Moscow Exchange
GRS426003000,Motor Oil
US60855R1005,Molina Healthcare
IT0004195308,Gruppo MutuiOnline
US4234031049,Hello Group ADR
GB00B1ZBKY84,Moneysupermarket.com
DE0006632003,MorphoSys
US6177001095,Morningstar
US61945C1036,The Mosaic Company
US56585A1025,Marathon Petroleum
US58463J3041,Medical Properties Trust
US6098391054,Monolithic Power Systems
DE0006599905,Merck
US58933Y1055,Merck & Company
US60770K1079,Moderna
US5658491064,Marathon Oil
SE0000412371,Modern Times Group B
US5730751089,Marten Transport
CA59162N1096,Metro Inc
US5738741041,Marvell Technology Group
US6174464486,Morgan Stanley
US5534981064,Mine Safety Applications
US55354G1004,MSCI
US5966801087,Middlesex Water
US5949181045,Microsoft
US6200763075,Motorola Solutions
US5535301064,MSC Industrial Direct
LU1598757687,ArcelorMittal
US55261F1049,M&T Bank
US57665R1068,The Match Group
US5926881054,Mettler Toledo
RU0007775219,Mobile TeleSystems
DE000A0D9PT0,Mtu Aero Engines
CA55378N1078,MTY Food Group
US5951121038,Micron Technology
DE0006580806,Mensch und Maschine
DE0008430026,Muenchener Rueck
DE000A2NB650,Mutares
AT0000938204,Mayr-Melnhof Karton
DE0005492938,Masterflex
DE000A3H2200,Nagarro
BMG667211046,Norwegian Cruise Line
AU000000NCM7,Newcrest Mining
DE0006766504,Aurubis
US6311031081,Nasdaq
FI4000297767,Nordea Bank Abp
US6556631025,Nordson
DE000A0D6554,Nordex
US65339F1012,NextEra Energy
NO0010081235,Nel ASA
DE0006452907,Nemetschek
US6516391066,Newmont Goldcorp
CH0038863350,Nestlé
US18915M1071,Cloudflare
DK0060952919,Netcompany Group
US6361801011,National Fuel Gas
US64110L1061,Netflix
GB00BDR05C01,National Grid
US63633D1046,National Health Investors
US65473P1057,NiSource
SE0015988019,NIBE Industrier AB
US6536561086,NICE ADR
US62914V1061,NIO ADR
US6460251068,New Jersey Resources
US6541061031,Nike
DE0006069008,FRoSTA
RU0009046452,Novolipetsk Steel
US6687711084,NortonLifeLock
GB00BWFY5505,Nielsen Holdings
US6292093050,NMI Holdings A
US6374171063,National Retail Properties
US6668071029,Northrop Grumman
DE000A1H8BV3,Norma Group
FI0009000681,Nokia
CH0012005267,Novartis
US62955J1034,NOV
US81762P1021,ServiceNow
US6293775085,NRG Energy
US6378701063,National Storage Affiliates Trust
US6558441084,Norfolk Southern
US45765U1034,Insight Enterprises
US45778Q1076,Insperity
US64110D1046,Netapp
US64110W1027,NetEase ADR
DE000A0KPPR7,Nabaltec
US67059N1081,Nutanix
US6658591044,Northern Trust
US6703461052,Nucor Corporation
US67018T1051,Nu Skin Enterprises
US6700024010,Novavax
JE00BYSS4X48,NovoCure
US67066G1040,Nvidia
DK0060534915,Novo Nordisk
US62944T1051,NVR
US46185L1035,Invitae
RU000A0DKVS5,NOVATEK JSC
US6512291062,Newell Brands
US66765N1054,Northwest Natural Gas
DE000NWRK013,New Work SE (XING)
US65249B2088,News Corp. Class B
US65249B1098,News Corp. Class A
NL0009538784,Nxp Semiconductors NV
US65341D1028,NexPoint Residential Trust
US65336K1034,Nexstar Media Group
GB0032089863,Next
DE0005220909,Nexus
US6494451031,New York Community Bancorp
DK0060336014,Novozymes
US7561091049,Realty Income
SG1S04926220,Oversea-Chinese Banking
DE000A1J5RX9,Telefonica Deutschland
AT0000APOST4,Österreichische Post
GB00B3MBS747,Ocado Group
US6795801009,Old Dominion Freight Line
US22002T1088,Corporate Office Properties Trust
US6708371033,OGE Energy
DE0005936124,OHB
US6819361006,Omega Healthcare Investors
US6826801036,Oneok
US6792951054,Okta
US91347P1057,Universal Display
US6811161099,Ollie's Bargain Outlet
US6824061039,One Liberty Properties
US6819191064,Omnicom
US68213N1090,Omnicell
AT0000743059,OMV
US6833441057,Onto Innovation
GRS419003009,Greek Organization of Football Prognostics
US67623C1099,Office Propertiesome Trust
FR0000120321,L'Oreal
FR0000133308,Orange
US68389X1054,Oracle
US6802231042,Old Republic International
NO0003733800,Orkla
US67103H1077,O'Reilly Automotive
FR0000184798,Orpea
DK0060094928,Orsted
DE000A0BVU28,Usu Software
CA6837151068,Open Text Corporation
US68902V1070,OTIS
US67421J1088,Oatly Group ADR
US69007J1060,OUTFRONT Media
US6745991058,Occidental Petroleum
US06417N1037,Bank OZK
CH0024608827,Partners Group Holding
CA6979001089,Pan American Silver
DE000PAH0038,Porsche Holding
AT0000758305,Palfinger
US6974351057,Palo Alto Networks
DE000PAT1AG3,Patrizia
US7033431039,Patrick Industries
US70432V1026,Paycom Software
US70451A1043,PaySign B
US7043261079,Paychex
US7436061052,Prosperity Bancshares
DE0008019001,Deutsche Pfandbriefbank
US7127041058,People's United Financial
US71654V4086,Petróleo Brasileiro ADR
US6937181088,Paccar
US7376301039,PotlatchDelticoration
US7033951036,Patterson Companies
US7223041028,Pinduoduo ADR
US7201902068,Piedmont Office Realty Trust
SE0008294953,Paradox Interactive AB
US42250P1030,Healthpeak Properties
US70509V1008,Pebblebrook Hotel Trust
US7445731067,Public Serv. Enterprise
US7134481081,PepsiCo
US7163821066,PetMed Express
US7170811035,Pfizer
US74251V1026,Principal Financial Group
US71377A1034,Performance Food Group
DE0006916604,Pfeiffer Vacuum Technology
US7427181091,Procter & Gamble
US7433151039,Progressive
US69924R1086,Paramount Group
US7010941042,Parker-Hannifin
DE0007474041,Paul Hartmann
NL0000009538,Koninklijke Philips Electron
US7458671010,Pulte Group
RU000A0JRKT8,PhosAgro PJSC
US7310681025,Polaris Industries
US72352L1061,Pinterest
US7240781002,Piper Sandler
US7005171050,Park Hotels & Resorts
US6951561090,Packaging Corp of America
US7140461093,PerkinElmer
US74340W1036,Prologis
US69608A1088,Palantir
RU000A0JNAA8,Polyus PJSC
US7181721090,Philip Morris International
US6934751057,PNC Financial Services
NO0003054108,Mowi ASA (Marine Harvest)
DK0060252690,Pandora
GB00BNNTLN49,Pennon Group
IE00BLS09M33,Pentair
US7234841010,Pinnacle West Capital
JE00B6T5S470,Polymetal International
FR0000124570,Plastic Omnium
US73278L1052,Pool
AT0000609607,PORR
US6935061076,PPG Industries
US69351T1060,PPL Corporation
CA7063271034,Pembina Pipeline
US71375U1016,Perficient
IE00BGH1M568,Perrigo
US74164M1080,Primerica
US74164F1030,Primoris Services
US7437131094,Proto Labs
GB0007099541,Prudential
US7443201022,Prudential Financial
NL0013654783,Prosus
US74460D1090,Public Storage
US69360J1079,PS Business Parks
US74348T1025,Prospect Capital (BDC)
ES0175438003,Prosegur
DE000PSM7770,ProSieben Sat.1 Media
GB0006825383,Persimmon
GB0006776081,Pearson
US74624M1027,Pure Storage
US7185461040,Phillips 66
US70614W1009,Peloton Interactive
FR0000130577,Publicis Groupe
DE0006969603,PUMA
US6936561009,PVH Corporation
US74762E1029,Quanta Services
US7237871071,Pioneer Natural Resources
US70450Y1038,Paypal Holdings
GB00B19Z1432,Pz Cussons
US6988131024,Papa John's International
US7475251036,Qualcomm
NL0012169213,QIAGEN
US74735M1080,QIWI
US74758T3032,Qualys
US74736K1016,Qorvo
CA76131D1033,Restaurant Brands International
FI4000198031,Qt Group
US7835491082,Ryder System
DE0007010803,Rational
NL0011585146,Ferrari
BRRADLACNOR0,Raia Drogasil
NL0000379121,Randstad
AT0000606306,Raiffeisen Bank International
US7710491033,Roblox
LR0008862868,Royal Caribbean Cruises
US75737F1084,Redfin Corporation
GB00B03MM408,Royal Dutch Shell B
US2561352038,Dr. Reddy's Laboratories ADR
BMG3223R1088,Everest Re Group
ES0173093024,Red Electrica
SE0014855292,Readly International
IT0003828271,Recordati
US7588491032,Regency Centers
US75972A3014,Renewable Energy Group
US75886F1075,Regeneron Pharmaceuticals
CA7669101031,RioCan
GB00B2B0DG97,RELX
US76169C1009,Rexford Industrial Realty
IT0005282865,Reply
US7591EP1005,Regions Financial
US7593516047,Reinsurance Group of America
US7599161095,Repligen
US7802871084,Royal Gold
US7703231032,Robert Half International
DE0007042301,Rhoen-Klinikum
DE0007030009,Rheinmetall
CH0012032048,Roche
US78377T1079,Ryman Hospitality Properties
FR0000120693,Pernod Ricard
US7594701077,Reliance Industries GDR
US05580M1080,B. Riley Financial
FR0000052516,Vilmorin & Cie
GB0007188757,Rio Tinto
US76954A1034,Rivian Automotive
US7547301090,Raymond James Financial
GB00B24CGK77,Reckitt Benckiser
US7512121010,Ralph Lauren
US7496071074,RLI Corporation
US74965L1017,RLJ Lodging Trust
US7611521078,ResMed
GB00BDVZYZ77,Royal Mail
FR0000052292,Hermes International
AU000000RMS4,Ramelius Resources
GB00BGDT3G23,Rightmove
US76680R2067,RingCentral
FR0000131906,Renault
BMG7496G1033,RenaissanceRe Holdings
DK0010219070,ROCKWOOL International A/S
US76131N1019,Retail Opportunity Investments
US7739031091,Rockwell Automation
US77543R1023,Roku
US7757111049,Rollins
US75524B1044,RBC Bearings
US7766961061,Roper Technologies
AT0000922554,Rosenbauer International
CH0042615283,Zur Rose Group
RU000A0J2Q06,Rosneft Oil
US7782961038,Ross Stores
ES0157261019,Laboratorios Farmaceuticos Rovi
US7496851038,RPM International
GB00BMVP7Y09,Royalty Pharma
US74971D1019,RPT Realty
US7587501039,Regal Rexnord
US7595091023,Reliance Steel & Aluminum
US7607591002,Republic Services
LU0061462528,RTL Group
GB00B0YG1K06,The Restaurant Group
US75513E1010,Raytheon Technologies
FR0013269123,Rubis
DE0007037129,RWE
CA7800871021,Royal Bank of Canada
IE00BYTBXV33,Ryanair Holdings
SE0000163594,Securitas AB B
DE000A0DJ6J9,SMA Solar Technology
NL0012044747,Shop Apotheke Europe
FR0000073272,Safran
US78645L1008,Safehold
US8000131040,Sanderson Farms
NO0010310956,SalMar
US1005571070,Boston Beer
FR0000120578,Sanofi
US8010561020,Sanmina
AT0000A0E9W5,S&T
DE0007164600,SAP
CA8029121057,Saputo
US8485771021,Spirit Airlines
DE0007493991,Ströer
FI0009003305,Sampo -A-
US78410G1040,SBA Communications
RU0009029540,Sberbank of Russia
US8292261091,Sinclair Broadcast Group
US82669G1040,Signature Bank
AT0000946652,Schoeller-Bleckmann Oilfield Equipment
US78573L1061,Sabra Health Care
DE000STRA555,Stratec
US8552441094,Starbucks
CH0024638212,Schindler Holding
US8085131055,Charles Schwab
US8175651046,Service Corporation
US8585861003,Stepan Company
CH0008742519,Swisscom
DE000KSAG888,K+S
US81141R1005,Sea ADR
US83417M1045,SolarEdge
US81211K1007,Sealed Air
US7841171033,SEI Investments Company
LU0088087324,SES Global FDR
AT0000785555,Semperit
SE0015346135,Stillfront Group AB
US8606301021,Stifel Financial
BMG7738W1064,SFL Corporation
US85208M1027,Sprouts Farmers Market
US8287302009,Simmons First National
DE000SAFH001,SAF-Holland
CH0014284498,Siegfried Holding
US81181C1045,Seagen
DE0007235301,SGL Carbon
FR0000125007,Compagnie de Saint-Gobain
ES0143416115,Siemens Gamesa
CH0002497458,SGS
DE000SHA0159,Schaeffler
US8190471016,Shake Shack
DE000SHL1006,Siemens Healthineers
AU000000SHL7,Sonic Healthcare
US8678921011,Sunstone Hotel Investors
CA82509L1076,Shopify
US8243481061,Sherwin-Williams
US82837P4081,Silvergate Capital
DE0007236101,Siemens
US82655M1071,Sify Technologies ADR
CH0418792922,Sika
DK0060495240,SimCorp
SE0016101844,Sinch AB
US82968B1035,Sirius XM Holdings
US82981J1097,SITE Centers
US82982L1035,SiteOne Landscape Supply
US78486Q1013,SVB Financial
DE0007231326,Sixt Stamm
DE0007231334,Sixt Vorzug
CA85853F1053,Stella-Jones
US8385181081,South Jersey Industries
US8326964058,J.M. Smucker
US7843051043,SJW Corporation
FR0000121709,SEB
IE00B1RR8406,Smurfit Kappa
US8754651060,Tanger Factory Outlet Center
AN8068571086,Schlumberger
US78440X8048,SL Green Realty
US8270481091,Silgan Holdings
CH0014852781,Swiss Life Holding
DE000A2NBTL2,Schaltbau Holding
US8101861065,Scotts Miracle-Gro Company
DE000A1K0235,SÜSS MicroTec
KR7005930003,Samsung Electronics
IL0011751653,Similarweb
GB0009223206,Smith & Nephew
US8330341012,Snap-on
US83125X1037,Sleep Number
RU0008926258,Surgutneftegas P
US8334451098,Snowflake
US8716071076,Synopsys
US87162W1009,SYNNEX
US8425871071,The Southern Company
BE0003717312,Sofina
US83406F1021,SoFi Technologies
FR0013227113,Soitec
BE0003470755,Solvay
US8354951027,Sonoco Products
US83570H1086,Sonos
CH0012549785,Sonova Holding
DE000A2GS401,Software
US8288061091,Simon Property Group
US78409V1044,S&P Global
AT0000652250,S IMMO
US8486371045,Splunk
LU1778762911,Spotify
US78463M1071,SPS Commerce
US8472151005,SpartanNash
GB00BWFGQN14,Spirax-Sarco
US8522341036,Block (Square)
US84857L1017,Spire
CH0126881561,Swiss Re
CH0002178181,Stadler Rail
US84860W3007,Spirit Realty Capital
US3369011032,1st Source
US8589121081,Stericycle
US8168511090,Sempra Energy
IT0003153415,Snam
DE0007165607,Sartorius Stamm
DE0007165631,Sartorius Vorzug
CA83179X1087,SmartCentres
US8290731053,Simpson Manufacturing
GB0007908733,SSE PLC
US78467J1007,SS&C Technologies Holdings
US8256901005,Shutterstock
DE000A0LR936,STEICO
US8523123052,STAAR Surgical
US85254J1025,Stag Industrial
IE00BFY8C754,Steris
FI0009005961,Stora Enso R
US8581191009,Steel Dynamics
LU1066226637,Stabilus
CH0012280076,Straumann Holdings
KYG851581069,StoneCo
DE0007274136,Sto Vorzug
US8621211007,STORE Capital
AT000000STR1,Strabag
US8574771031,State Street
IE00BKVD2N49,Seagate Technology
US21036P1084,Constellation Brands
FR0000121972,Schneider Electric
CA8672241079,Suncor Energy
US8666741041,Sun Communities
US86959K1051,Suzano ADR
US81761L1026,Service Properties Trust
SE0007100599,Svenska Handelsbanken AB
GB00B1FH8J72,Severn Trent
FR0000121220,Sodexo
DE0007229007,Schloss Wachenheim
US8545021011,Stanley Black & Decker
US83088M1027,Skyworks Solutions
SE0015812219,Swedish Match
CH0496451508,SoftwareONE Holding
GB0003308607,Spectris
DE000SYM9999,Symrise
DE000A2TSL71,SYNLAB
US87165B1035,Synchrony Financial
US8636671013,Stryker
US8718291078,Sysco
DE0006202005,Salzgitter
DE0007297004,Suedzucker
US00206R1023,AT&T
CA87971M1032,TELUS
US8740801043,TAL Education Group ADR
US60871R2094,Molson Coors Brewing
GB0008754136,Tate & Lyle
RU0009033591,TATNEFT
JE00BMDZN391,TP ICAP Group
US89677Q1076,Trip.com ADR
CA8911605092,Toronto Dominion Bank
US8936411003,TransDigm Group
US87918A1051,Teladoc Health
US8794338298,Telephone & Data Systems
US8793601050,Teledyne Technologies
GB00BZ09BD16,Atlassian
US09073M1045,Bio-Techne
CA8787422044,Teck Resources B
CH0012100191,Tecan Group
DE0008303504,Tag Immobilien
CH0102993182,TE Connectivity
NO0010063308,Telenor
GRS496003005,Terna Energy
US8807701029,Teradyne
BE0003573814,Ter Beke
IL0006290147,Teva Pharmaceutical Industries
SE0000379190,Castellum
BE0974263924,Texaf
US89832Q1094,Truist Financial
CA87241L1094,TFI International
US8793691069,Teleflex
US87612E1064,Target
US3202181000,First Financial
GB00BMTV7393,THG (The Hut Group)
US8851601018,Thor Industries
US37253A1034,Gentherm
SE0006422390,Thule Group AB
CA8911021050,Toromont Industries
DE000ZEAL241,ZEAL Network
US8725401090,TJX Companies
DE0007500001,Thyssenkrupp
AT0000720008,Telekom Austria
NL0012015705,Just Eat Takeaway.com
DE000TLX1005,Talanx
US8835561023,Thermo Fisher Scientific
US8901101092,Tompkins Financial
NO0005668905,Tomra Systems ASA
US8725901040,T-Mobile US
DE000A2YN900,TeamViewer
US8803451033,Tennant
AU000000TNE8,Technology One
ES0178430E18,Telefonica
US8962881079,TriNet Group
DE0007461006,PVA TePla
US87266J1043,TPI Composites
US88262P1021,Texas Pacific Land
US8760301072,Tapestry
US88023U1016,Tempur Sealy International
US8905161076,Tootsie Roll Industries
US89531P1057,Trex
CA8849037095,Thomson Reuters
US8969452015,Tripadvisor
US8962391004,Trimble
RU0009091573,Transneft PJSC Pref.
US88146M1018,Terreno Realty
US74144T1088,T. Rowe Price Group
CA87807B1076,TC Energy
BMG9078F1077,Triton International
US8982021060,Trupanion
US89417E1091,Travelers
US8923561067,Tractor Supply Company
GB00BLGZ9862,Tesco
US88160R1014,Tesla
US9024941034,Tyson Foods
IE00BK9ZQ967,Trane Technologies
US8910921084,Toro Company
US88339J1051,The Trade Desk
FR0000120271,TotalEnergies
US89854H1023,TTEC Holdings
US88162G1031,Tetra Tech
DE0007446007,Takkt
US8765685024,Tata Motors Limited ADR
DE000A0XYGA7,technotrans
US8740541094,Take-Two Interactive
DE000TUAG000,TUI
US8998961044,Tupperware Brands
US8926721064,Tradeweb Markets
US90138F1021,Twilio
US90184L1026,Twitter
US8825081040,Texas Instruments
US8826811098,Texas Roadhouse
US8832031012,Textron
US9022521051,Tyler Technologies
US91332U1016,Unity Software
SG1M31001969,United Overseas Bank
US9043111072,Under Armour
US9100471096,United Airlines Holdings
US90353T1007,Uber Technologies
FR0000054470,Ubisoft Entertainment
DE0005570808,UmweltBank
CH0244767585,UBS Group
US9099071071,United Bankshares
BE0003739530,UCB
US90385V1070,Ultra Clean Holdings
US9026531049,UDR
US91704F1049,Urban Edge Properties
US90278Q1085,UFP Industries
US9026731029,UFP Technologies
US9026811052,UGI Corporation
CH0012255151,Swatch Group Ltd. Bearer
US9139031002,Universal Health Services
US91359E1055,Universal Health Realty
US90353W1036,Ubiquiti
US90384S3031,Ulta Beauty
GB00B10RZP78,Unilever
US9027881088,UMB Financial
NL0015000IY2,Universal Music Group
US9030021037,UMH Properties
BE0974320526,Umicore
DE000UNSE018,Uniper
AT0000821103,Uniqa Insurance
US9111631035,United Natural Foods
US91324P1021,Unitedhealth Group
US91325V1089,Uniti Group
US91529Y1064,Unum Group
US9078181081,Union Pacific
FI0009005987,UPM-Kymmene Oyj
US9113121068,United Parcel Service
US91680M1071,Upstart Holdings
US9113631090,United Rentals
US9029733048,U.S. Bancorp
US90328M1071,USANA Health Sciences
US90337L1089,US Physical Therapy
DE0005089031,United Internet
US91307C1027,United Therapeutics
GB00B39J2M42,United Utilities Group
US9134561094,Universal Corporation
DE0007551509,Uzin Utz
US92826C8394,Visa
DE000A0BL849,Vita 34
CH0311864901,VAT Group
US91912E1055,Vale ADR
FI4000074984,Valmet Oyj
CH0002088976,Valora Holding
DE000A0TGJ55,Varta
AT0000937503,Voestalpine
DE000A0JL9W6,VERBIO Vereinigte BioEnergie
GB0009292243,Victrex
US9224751084,Veeva Systems
AT0000746409,Verbund
US9182041080,V.F. Corporation
US92556H2067,ViacomCBS
DE0007657231,Villeroy & Boch
US9256521090,VICI Properties
ES0183746314,Vidrala
FR0000124141,Veolia
AT0000908504,Wiener Versicherung Gruppe
DE000A2YPDD0,VIB Vermögen
US92762J1034,Viomi Technology ADR
US92763W1036,Vipshop Holdings ADR
US9282541013,Virtu Financial
ES0184262212,Viscofan
FR0000127771,Vivendi
US87936R2058,Telefonica Brasil ADR
US91913Y1001,Valero Energy
US9291601097,Vulcan Materials
US9285634021,VMware
DE000A1ML7J1,Vonovia
US9290421091,Vornado Realty Trust
GB00BH4HKS39,Vodafone
SE0000115446,Volvo B
DE0007667107,Vossloh
DE0007664039,Volkswagen
DE0006636681,va-Q-tec
US92343X1000,Verint Systems
US92345Y1064,Verisk Analytics
US92343E1029,Verisign
US92828Q1094,Virtus Investment Partners
US92532F1003,Vertex Pharmaceuticals
SE0011205202,Vitrolife AB
US92276F1003,Ventas
US92556V1061,Viatris
DE000A3H3LL2,Vantage Towers
US92921W3007,Vuzix
DE0005408686,ÖKOWORLD
DK0061539921,Vestas Wind
US92343V1044,Verizon Communications
US9297401088,Wabtec
US9570901036,Westamerica Bancorp
DE000WACK012,Wacker Neuson
DE000WAF3001,Siltronic
US9418481035,Waters Corporation
US9485961018,Weibo ADR
US9314271084,Walgreens Boots Alliance
AU000000WBC1,Westpac
DE000WCH8881,Wacker Chemie
CA94106B1013,Waste Connections
US93148P1021,Walker & Dunlop
US98138H1014,Workday
US9581021055,Western Digital
US9292361071,WD-40 Company
US92939U1060,WEC Energy Group
BRWEGEACNOR0,WEG
US95040Q1040,Welltower
DE000A2N4H07,Westwing Group
US9621491003,Weyco
US9497461015,Wells Fargo
CA9528451052,West Fraser Timber
US9633201069,Whirlpool Corporation
AT0000831706,Wienerberger
IT0005440893,Wiit SPA
US97651M1099,Wipro ADR
IL0011301780,Wix.com
NL0000395903,Wolters Kluwer
US9604131022,Westlake Chemical
FR0011981968,Worldline
IE00BDB6Q211,Willis Towers Watson
US94106L1098,Waste Management
US9694571004,Williams
US00790R1041,Advanced Drainage Systems
US9311421039,Walmart
US92932M1018,WNS ADR
US9818111026,Worthington Industries
US92936U1097,W.P. Carey
AU000000WPL2,Woodside Petroleum
CA9628791027,Wheaton Precious Metals
JE00B8KF9B49,WPP
US0844231029,W.R. Berkley
US9396531017,Washington Real Estate Investment Trust
US96145D1054,WestRock
US9699041011,Williams-Sonoma
US9426222009,Watsco
US9553061055,West Pharmaceutical Services
DE0007507501,Washtec
GB00B1KJJ408,Whitbread
AU000000WTC3,WiseTech Global
US29670G1022,Essential Utilities
US9598021098,Western Union
US9621661043,Weyerhaeuser
US9831341071,Wynn Resorts
US98389B1008,Xcel Energy
DK0060738599,Demant
US9840171030,Xenia Hotels & Resorts
FR0004034072,Xilam Animation
US9839191015,Xilinx
US7476012015,Qualtrics International
IT0004056880,Amplifon
US30231G1022,Exxon Mobil
US98379L1008,XPEL
US24906P1093,Dentsply Sirona
NZXROE0001S2,Xero
US98421M1062,Xerox
SE0011337708,AAK AB
US98419M1009,Xylem
NO0010208051,Yara International
US9858171054,Yelp Inc.
US98585X1046,YETI
NL0009805522,Yandex
DE0007276503,Secunet Security Network
US9884981013,Yum! Brands
SG1T75931496,Singapore Telecommunications
AT0000837307,Zumtobel
DE000ZAL1111,Zalando
US98956P1021,Zimmer Biomet Holdings
US9892071054,Zebra Technologies
US48123V1026,Ziff Davis
US98936J1016,Zendesk
US98945L1052,Zepp Health ADR
US98954M1018,Zillow Group
DE0007856023,Elringklinger
US9897011071,Zions Bancorp
US98980B1035,ZipRecruiter
US98980L1017,Zoom Video Communications
US98986T1088,Zynga
DE0005111702,Zooplus
US98980G1022,Zscaler
US98978V1035,Zoetis
CH0011075394,Zurich Insurance
